{
  "train_losses": [
    0.07586142883138215,
    0.051831609305934584,
    0.047160938028963484,
    0.04108769175574005,
    0.03691943757428599,
    0.03451855146969818,
    0.03175264191800782,
    0.029472995043385988,
    0.02781577324804248,
    0.026551106166718092
  ],
  "valid_losses": [
    0.051428787076764286,
    0.04743073665163969,
    0.04187296524204291,
    0.03545676489863084,
    0.032622690569317596,
    0.0302336816314359,
    0.02851356069057442,
    0.02741999953174215,
    0.02497208821051967,
    0.0237906906581978
  ],
  "epochs": 10,
  "batch_size": 256,
  "hidden_dim": 512,
  "num_heads": 4,
  "lr": 0.001
}