{
  "train_losses": [
    0.07700622278114119,
    0.049307320726271336,
    0.04083801547232565,
    0.03401088681470944,
    0.030265473485457904,
    0.027775043483389217,
    0.0256755795187749,
    0.02438026955365973,
    0.02330944056672728,
    0.02242063446455695
  ],
  "valid_losses": [
    0.05012568330822374,
    0.0435710047065666,
    0.03483242973705476,
    0.02988218083452192,
    0.026545847484714988,
    0.024088152536788244,
    0.022675500783491998,
    0.021770029256443082,
    0.020454030632391627,
    0.019651011743533203
  ],
  "epochs": 10,
  "batch_size": 256,
  "hidden_dim": 512,
  "num_heads": 4,
  "lr": 0.001
}