{
  "train_losses": [
    0.08671979653458191,
    0.04319281722488099,
    0.03182518162558748,
    0.026260356638265838,
    0.023175161906590126,
    0.02114520357383098,
    0.01981607661447418,
    0.01860349131956538,
    0.01766950089117511,
    0.01698552215203325
  ],
  "valid_losses": [
    0.04793761760026732,
    0.03421099426236829,
    0.025972067383198506,
    0.021709318271190402,
    0.01915970360673901,
    0.018020969980720666,
    0.01645062221469981,
    0.015663779935985552,
    0.015295698658634886,
    0.014518551286859466
  ],
  "epochs": 10,
  "batch_size": 256,
  "hidden_dim": 512,
  "num_heads": 4,
  "lr": 0.001
}